time,cpu,net_in,net_out,ram percent,ram gb
2023-01-07 11:38:54,27.2,0.0,0.0,80.2,3.351760896
2023-01-07 11:39:00,6.2,0.011,0.001,79.8,3.333214208
2023-01-07 11:39:05,48.9,0.002,0.0,79.5,3.320967168
2023-01-07 11:39:11,30.2,0.0,0.001,78.8,3.293184
2023-01-07 11:39:16,15.2,0.001,0.0,78.2,3.265519616
2023-01-07 11:39:21,17.4,0.0,0.0,78.1,3.262214144
2023-01-07 11:39:26,79.3,0.006,0.001,78.0,3.259686912
2023-01-07 11:39:33,37.0,0.002,0.0,79.0,3.299688448
2023-01-07 11:39:39,54.5,0.0,0.0,79.1,3.302780928
2023-01-07 11:39:44,23.7,0.0,0.0,78.5,3.279028224
2023-01-07 11:39:50,15.0,0.001,0.0,78.7,3.28583168
2023-01-07 11:39:55,16.5,0.002,0.0,78.4,3.274862592
2023-01-07 11:40:00,18.0,0.003,0.001,78.3,3.272503296
2023-01-07 11:40:05,17.3,0.001,0.0,78.3,3.27010304
2023-01-07 11:40:10,15.8,0.0,0.0,78.3,3.268448256
2023-01-07 11:40:15,16.4,0.0,0.0,78.1,3.26412288
2023-01-07 11:40:20,13.7,0.0,0.0,78.1,3.260309504
2023-01-07 11:40:25,11.4,0.001,0.0,78.0,3.25859328
2023-01-07 11:40:30,15.0,0.001,0.001,78.0,3.258355712
2023-01-07 11:40:35,9.4,0.001,0.0,78.0,3.25697536
2023-01-07 11:40:41,62.0,0.0,0.0,78.1,3.262738432
2023-01-07 11:40:47,51.1,0.001,0.0,78.2,3.267670016
2023-01-07 11:40:53,33.6,0.009,0.001,78.5,3.278954496
2023-01-07 11:40:59,42.9,0.011,0.001,78.5,3.278667776
2023-01-07 11:41:04,13.1,0.002,0.0,78.3,3.270549504
2023-01-07 11:41:09,13.6,0.003,0.0,78.3,3.268726784
2023-01-07 11:41:14,12.2,0.0,0.0,78.2,3.265646592
2023-01-07 11:41:20,24.8,0.0,0.0,78.2,3.264868352
2023-01-07 11:41:25,79.4,0.0,0.0,78.9,3.29426944
2023-01-07 11:41:31,57.2,0.001,0.001,78.9,3.296616448
2023-01-07 11:41:37,42.5,0.0,0.0,78.7,3.285835776
2023-01-07 11:41:43,22.1,0.0,0.0,78.4,3.2736256
2023-01-07 11:41:48,22.9,0.0,0.0,78.6,3.281371136
2023-01-07 11:41:54,53.1,0.0,0.0,78.7,3.288109056
2023-01-07 11:41:59,38.3,0.001,0.0,78.7,3.285274624
2023-01-07 11:42:05,25.5,0.001,0.001,79.5,3.319742464
2023-01-07 11:42:11,30.6,0.0,0.0,78.6,3.2848896
2023-01-07 11:42:17,45.5,0.0,0.0,78.6,3.284353024
2023-01-07 11:42:22,40.7,0.001,0.0,78.7,3.28558592
2023-01-07 11:42:28,16.2,0.0,0.0,78.6,3.284639744
2023-01-07 11:42:33,24.8,0.0,0.004,78.6,3.283959808
2023-01-07 11:42:38,15.4,0.001,0.001,78.6,3.283890176
2023-01-07 11:42:45,59.2,0.001,0.002,78.7,3.285815296
2023-01-07 11:42:51,42.0,0.0,0.0,79.4,3.316822016
2023-01-07 11:42:56,25.4,0.0,0.0,78.5,3.276886016
2023-01-07 11:43:02,42.6,0.0,0.0,78.6,3.28097792
2023-01-07 11:43:08,66.4,0.0,0.001,78.6,3.28329216
2023-01-07 11:43:13,41.7,0.001,0.001,78.7,3.289071616
2023-01-07 11:43:19,38.5,0.001,0.0,79.5,3.319701504
2023-01-07 11:43:25,72.1,0.0,0.0,79.5,3.322363904
2023-01-07 11:43:31,17.6,0.003,0.0,79.8,3.331325952
2023-01-07 11:43:37,29.9,0.003,0.0,79.6,3.324346368
2023-01-07 11:43:42,16.9,0.0,0.0,79.0,3.299807232
2023-01-07 11:43:47,21.6,0.001,0.0,79.0,3.30012672
2023-01-07 11:43:52,19.8,0.0,0.0,79.0,3.300012032
2023-01-07 11:43:57,37.7,0.001,0.0,78.8,3.290083328
2023-01-07 11:44:03,58.7,0.001,0.0,79.3,3.31128832
2023-01-07 11:44:09,72.2,0.001,0.001,77.5,3.235811328
2023-01-07 11:44:14,20.5,0.0,0.0,77.6,3.2397312
2023-01-07 11:44:20,65.7,0.032,0.005,78.8,3.292168192
2023-01-07 11:44:26,30.1,0.0,0.0,79.1,3.303112704
2023-01-07 11:44:32,30.9,0.0,0.0,78.9,3.29701376
2023-01-07 11:44:37,34.5,0.0,0.0,78.1,3.263524864
2023-01-07 11:44:42,23.4,0.0,0.0,78.1,3.262885888
2023-01-07 11:44:48,14.3,0.008,0.0,78.1,3.264
2023-01-07 11:44:54,41.7,0.001,0.0,78.4,3.274006528
2023-01-07 11:44:59,14.5,0.001,0.0,78.3,3.268509696
2023-01-07 11:45:04,9.9,0.0,0.0,78.1,3.26219776
2023-01-07 11:45:09,16.2,0.0,0.0,78.1,3.263033344
2023-01-07 11:45:14,13.5,0.0,0.0,78.1,3.262230528
2023-01-07 11:45:19,8.4,0.001,0.0,78.1,3.261591552
2023-01-07 11:45:24,15.0,0.0,0.0,78.1,3.26129664
2023-01-07 11:45:29,10.7,0.001,0.0,78.1,3.261284352
2023-01-07 11:45:34,14.3,0.0,0.0,78.0,3.257741312
2023-01-07 11:45:39,11.9,0.0,0.0,78.0,3.257884672
2023-01-07 11:45:44,15.0,0.001,0.001,78.0,3.259215872
2023-01-07 11:45:49,17.2,0.0,0.0,78.0,3.259416576
2023-01-07 11:45:54,14.5,0.021,0.0,78.0,3.258179584
2023-01-07 11:46:00,49.2,0.005,0.0,78.0,3.256807424
2023-01-07 11:46:05,12.3,0.001,0.0,78.0,3.256639488
2023-01-07 11:46:10,64.0,0.001,0.0,80.6,3.368001536
2023-01-07 11:46:16,29.7,0.001,0.003,79.3,3.310686208
2023-01-07 11:46:21,12.8,0.0,0.001,78.9,3.296186368
2023-01-07 11:46:26,57.7,0.0,0.0,79.0,3.298983936
2023-01-07 11:46:32,67.2,0.0,0.0,80.5,3.360350208
2023-01-07 11:46:38,74.0,0.0,0.0,80.8,3.373387776
2023-01-07 11:46:43,9.2,0.0,0.0,80.8,3.373449216
2023-01-07 11:46:49,21.0,0.0,0.0,80.7,3.372638208
2023-01-07 11:46:55,39.8,0.0,0.0,79.6,3.326328832
2023-01-07 11:47:01,29.4,0.0,0.0,81.4,3.401342976
2023-01-07 11:47:06,65.2,0.0,0.0,81.9,3.420205056
2023-01-07 11:47:13,55.4,0.001,0.0,82.4,3.44315904
2023-01-07 11:47:18,70.9,0.001,0.001,80.9,3.380752384
2023-01-07 11:47:24,12.9,0.0,0.0,81.0,3.382259712
2023-01-07 11:47:30,14.4,0.001,0.0,80.9,3.378262016
2023-01-07 11:47:35,63.8,0.0,0.0,78.9,3.295338496
2023-01-07 11:47:42,75.6,0.005,0.003,80.0,3.342012416
2023-01-07 11:47:48,41.0,0.0,0.0,79.4,3.31769856
2023-01-07 11:47:54,37.8,0.001,0.001,79.1,3.302744064
2023-01-07 11:48:00,52.8,0.002,0.0,80.3,3.353305088
2023-01-07 11:48:06,37.0,0.002,0.003,80.7,3.369897984
2023-01-07 11:48:11,39.3,0.0,0.0,80.3,3.352272896
2023-01-07 11:48:17,31.3,0.0,0.0,79.4,3.314515968
2023-01-07 11:48:22,39.0,0.0,0.0,79.2,3.30899456
2023-01-07 11:48:28,31.2,0.0,0.0,79.2,3.309879296
2023-01-07 11:48:33,38.0,0.0,0.0,79.2,3.309314048
2023-01-07 11:48:39,33.3,0.0,0.0,79.2,3.309469696
2023-01-07 11:48:44,18.3,0.0,0.0,79.2,3.308859392
2023-01-07 11:48:49,23.1,0.0,0.0,79.2,3.30809344
2023-01-07 11:48:55,60.3,0.0,0.001,79.2,3.306745856
2023-01-07 11:49:01,23.3,0.001,0.0,79.2,3.307634688
2023-01-07 11:49:06,46.2,0.0,0.0,79.1,3.30586112
2023-01-07 11:49:12,30.1,0.0,0.0,78.1,3.263397888
2023-01-07 11:49:18,25.4,0.001,0.0,78.1,3.262722048
2023-01-07 11:49:23,19.8,0.007,0.002,78.1,3.261026304
2023-01-07 11:49:29,34.1,0.0,0.0,78.0,3.25986304
2023-01-07 11:49:34,36.7,0.0,0.0,78.0,3.259834368
2023-01-07 11:49:40,44.6,0.001,0.0,78.2,3.26506496
2023-01-07 11:49:46,25.6,0.0,0.0,78.3,3.269337088
2023-01-07 11:49:52,66.9,0.004,0.0,78.3,3.269029888
2023-01-07 11:49:57,57.7,0.004,0.001,78.3,3.269922816
2023-01-07 11:50:05,40.4,0.0,0.0,79.4,3.31773952
2023-01-07 11:50:11,14.5,0.001,0.0,79.3,3.312451584
2023-01-07 11:50:16,43.3,0.001,0.0,78.3,3.271929856
2023-01-07 11:50:21,40.5,0.0,0.001,78.3,3.269902336
2023-01-07 11:50:27,29.1,0.0,0.001,78.2,3.26658048
2023-01-07 11:50:34,61.4,0.0,0.0,80.6,3.366121472
2023-01-07 11:50:40,32.1,0.001,0.0,79.8,3.335135232
2023-01-07 11:50:46,80.3,0.545,0.006,79.9,3.339227136
2023-01-07 11:50:54,42.6,0.005,0.0,80.3,3.354284032
2023-01-07 11:51:01,46.9,0.003,0.001,81.2,3.389669376
2023-01-07 11:51:06,23.1,0.002,0.0,80.5,3.3632256
2023-01-07 11:51:12,31.9,0.002,0.0,79.6,3.325796352
2023-01-07 11:51:19,100.0,0.001,0.0,79.0,3.298598912
2023-01-07 11:51:24,29.9,0.0,0.0,79.1,3.304001536
2023-01-07 11:51:32,11.9,0.001,0.001,79.1,3.30217472
2023-01-07 11:51:38,16.8,0.0,0.0,80.5,3.3640448
2023-01-07 11:51:43,33.1,0.0,0.0,80.4,3.358715904
2023-01-07 11:51:49,43.4,0.0,0.0,79.1,3.303821312
2023-01-07 11:51:54,32.8,0.0,0.0,78.9,3.293790208
2023-01-07 11:52:00,19.5,0.002,0.0,78.9,3.296456704
2023-01-07 11:52:05,17.1,0.001,0.001,78.9,3.293700096
2023-01-07 11:52:10,12.9,0.002,0.0,78.8,3.289567232
2023-01-07 11:52:15,42.5,0.001,0.0,79.2,3.307020288
2023-01-07 11:52:21,34.6,0.001,0.001,78.9,3.29510912
2023-01-07 11:52:27,38.8,0.002,0.0,79.0,3.297796096
2023-01-07 11:52:32,44.8,0.002,0.0,78.9,3.296518144
2023-01-07 11:52:38,24.1,0.001,0.001,79.0,3.297652736
2023-01-07 11:52:43,44.0,0.001,0.001,78.9,3.29693184
2023-01-07 11:52:49,19.4,0.0,0.001,78.9,3.296382976
2023-01-07 11:52:54,71.5,0.0,0.001,81.6,3.409915904
2023-01-07 11:53:00,58.3,0.002,0.0,81.2,3.39216384
2023-01-07 11:53:06,64.7,0.0,0.0,82.2,3.433459712
2023-01-07 11:53:12,23.9,0.001,0.0,82.4,3.442130944
2023-01-07 11:53:18,26.2,0.008,0.0,80.6,3.367911424
2023-01-07 11:53:24,53.4,0.0,0.001,83.4,3.481944064
2023-01-07 11:53:30,60.2,0.007,0.0,81.6,3.407413248
2023-01-07 11:53:37,18.7,0.0,0.0,81.4,3.400654848
2023-01-07 11:53:42,10.8,0.0,0.001,81.4,3.398631424
2023-01-07 11:53:47,10.8,0.0,0.0,81.4,3.398066176
2023-01-07 11:53:53,32.6,0.0,0.001,80.1,3.346927616
2023-01-07 11:53:59,51.4,0.001,0.0,79.2,3.308691456
2023-01-07 11:54:05,47.5,0.003,0.0,79.1,3.305115648
2023-01-07 11:54:12,91.0,0.004,0.0,77.2,3.22347008
2023-01-07 11:54:18,48.9,0.0,0.0,77.3,3.230019584
2023-01-07 11:54:24,68.3,0.0,0.0,77.4,3.233538048
2023-01-07 11:54:30,26.5,0.001,0.0,79.2,3.307425792
2023-01-07 11:54:36,7.8,0.0,0.0,77.3,3.227226112
2023-01-07 11:54:42,54.6,0.001,0.001,78.2,3.266629632
2023-01-07 11:54:50,66.2,0.0,0.0,77.6,3.239563264
2023-01-07 11:54:55,32.8,0.0,0.0,78.6,3.281149952
2023-01-07 11:55:01,34.3,0.0,0.0,77.4,3.234381824
2023-01-07 11:55:07,23.0,0.0,0.0,77.4,3.23377152
2023-01-07 11:55:13,28.9,0.0,0.0,77.2,3.225387008
2023-01-07 11:55:18,29.2,0.001,0.001,77.3,3.227353088
2023-01-07 11:55:24,47.6,0.0,0.0,77.2,3.226611712
2023-01-07 11:55:30,27.8,0.002,0.0,77.2,3.226488832
2023-01-07 11:55:35,19.7,0.0,0.0,77.2,3.2257024
2023-01-07 11:55:41,28.1,0.001,0.0,77.2,3.226288128
2023-01-07 11:55:46,32.8,0.0,0.001,77.2,3.225698304
2023-01-07 11:55:51,34.4,0.001,0.001,77.2,3.224481792
2023-01-07 11:55:57,51.5,0.021,0.0,77.2,3.2249856
2023-01-07 11:56:04,53.7,0.002,0.0,79.5,3.3220608
2023-01-07 11:56:10,54.2,0.001,0.0,78.7,3.286839296
2023-01-07 11:56:16,64.6,0.0,0.0,79.4,3.31528192
2023-01-07 11:56:21,54.2,0.001,0.001,79.3,3.311939584
2023-01-07 11:56:26,52.3,0.004,0.0,79.3,3.311853568
2023-01-07 11:56:32,52.2,0.002,0.0,77.1,3.219808256
2023-01-07 11:56:39,42.2,0.0,0.0,78.3,3.271827456
2023-01-07 11:56:45,31.5,0.0,0.0,78.1,3.261308928
2023-01-07 11:56:52,57.6,0.0,0.0,80.3,3.352150016
2023-01-07 11:56:57,73.1,0.002,0.002,79.6,3.325022208
2023-01-07 11:57:03,59.1,0.0,0.001,80.0,3.340517376
2023-01-07 11:57:09,70.8,0.0,0.0,79.9,3.337170944
2023-01-07 11:57:15,32.6,0.001,0.0,79.9,3.338616832
2023-01-07 11:57:21,84.4,0.004,0.0,78.7,3.28818688
2023-01-07 11:57:27,70.4,0.0,0.001,78.8,3.290570752
2023-01-07 11:57:33,62.3,0.0,0.0,79.9,3.33899776
2023-01-07 11:57:39,11.5,0.001,0.0,79.7,3.330756608
2023-01-07 11:57:44,16.0,0.001,0.0,79.4,3.314532352
2023-01-07 11:57:49,39.5,0.0,0.0,79.3,3.311845376
2023-01-07 11:57:55,12.7,0.0,0.001,79.7,3.330322432
2023-01-07 11:58:01,34.1,0.001,0.0,77.4,3.234349056
2023-01-07 12:03:42,9.1,0.0,0.001,74.4,3.109552128
2023-01-07 12:04:00,52.5,0.004,0.0,77.2,3.225956352
2023-01-07 12:04:21,98.6,0.0,0.0,77.3,3.226832896
2023-01-07 12:04:41,23.9,0.001,0.001,76.6,3.198500864
2023-01-07 12:04:57,21.8,0.0,0.0,76.4,3.189809152
2023-01-07 12:05:14,16.9,0.002,0.0,77.4,3.23467264
2023-01-07 12:05:31,8.5,0.0,0.0,80.0,3.34331904
2023-01-07 12:05:48,20.6,0.002,0.001,79.9,3.337949184
2023-01-07 12:06:04,9.0,0.001,0.0,79.9,3.337695232
2023-01-07 12:06:21,23.9,0.0,0.0,79.7,3.330670592
2023-01-07 12:06:38,7.6,0.0,0.0,79.6,3.326570496
2023-01-07 12:06:54,9.2,0.001,0.0,79.5,3.322126336
2023-01-07 12:07:11,6.2,0.0,0.0,79.5,3.32019712
2023-01-07 12:07:27,8.4,0.0,0.0,79.5,3.321253888
2023-01-07 12:07:43,12.2,0.0,0.0,79.5,3.321090048
2023-01-07 12:08:00,24.8,0.001,0.0,79.7,3.32787712
2023-01-07 12:08:16,16.5,0.0,0.0,79.6,3.323285504
2023-01-07 12:08:33,33.1,0.0,0.0,79.9,3.335499776
2023-01-07 12:08:50,30.1,0.0,0.0,79.8,3.334582272
2023-01-07 12:09:06,8.5,0.001,0.0,79.8,3.334742016
2023-01-07 12:09:23,17.0,0.003,0.0,79.8,3.333607424
2023-01-07 12:09:39,12.9,0.0,0.0,79.8,3.331260416
2023-01-07 12:09:56,34.1,0.002,0.001,80.6,3.364663296
2023-01-07 12:10:12,43.6,0.0,0.0,81.4,3.399204864
2023-01-07 12:10:29,21.4,0.001,0.001,81.1,3.388960768
2023-01-07 12:10:46,5.3,0.002,0.0,80.2,3.351744512
2023-01-07 12:11:02,6.2,0.004,0.0,80.1,3.346219008
2023-01-07 12:11:19,9.2,0.0,0.001,80.0,3.343302656
2023-01-07 12:11:35,28.8,0.0,0.0,80.0,3.342577664
2023-01-07 12:11:51,4.6,0.0,0.0,80.0,3.341406208
2023-01-07 12:12:07,8.4,0.001,0.0,80.0,3.341488128
2023-01-07 12:12:23,6.9,0.0,0.0,79.9,3.337777152
2023-01-07 12:12:39,11.4,0.0,0.0,80.2,3.349024768
2023-01-07 12:12:56,28.3,0.001,0.0,79.4,3.316998144
2023-01-07 12:13:13,39.7,0.001,0.005,80.4,3.358339072
2023-01-07 12:13:30,9.8,0.001,0.002,80.8,3.37508352
2023-01-07 12:13:47,18.0,0.001,0.001,80.7,3.371237376
2023-01-07 12:14:03,9.0,0.0,0.0,80.7,3.369934848
2023-01-07 12:14:20,60.6,0.0,0.0,82.1,3.428872192
2023-01-07 12:14:36,12.9,0.0,0.0,80.9,3.379613696
2023-01-07 12:14:53,9.2,0.0,0.0,81.6,3.40660224
2023-01-07 12:15:09,15.0,0.0,0.001,81.1,3.387879424
2023-01-07 12:15:25,13.6,0.0,0.0,81.0,3.383832576
2023-01-07 12:15:42,16.4,0.0,0.001,81.0,3.382849536
2023-01-07 12:15:58,42.9,0.004,0.0,80.9,3.380580352
2023-01-07 12:16:14,6.2,0.0,0.001,80.9,3.37973248
2023-01-07 12:16:30,14.7,0.002,0.0,80.9,3.377901568
2023-01-07 12:16:46,21.2,0.0,0.0,80.9,3.377020928
2023-01-07 12:17:02,100.0,0.009,0.002,83.9,3.50431232
2023-01-07 12:17:19,15.2,0.001,0.0,80.3,3.354025984
2023-01-07 12:17:35,9.9,0.0,0.0,80.0,3.341860864
2023-01-07 12:17:51,18.3,0.004,0.001,80.0,3.340394496
2023-01-07 12:18:07,13.8,0.001,0.001,79.9,3.337551872
2023-01-07 12:18:24,6.9,0.0,0.0,79.9,3.336470528
2023-01-07 12:18:40,11.5,0.0,0.0,79.9,3.336749056
2023-01-07 12:18:56,37.4,0.002,0.001,80.8,3.374149632
2023-01-07 12:19:14,42.9,0.002,0.0,78.5,3.277365248
2023-01-07 12:19:31,4.6,0.001,0.0,78.6,3.282014208
2023-01-07 12:19:47,22.6,0.001,0.004,78.5,3.276791808
2023-01-07 12:20:03,13.4,0.0,0.0,78.6,3.28173568
2023-01-07 12:20:20,9.2,0.0,0.0,78.5,3.280191488
2023-01-07 12:20:37,16.4,0.0,0.0,78.7,3.286216704
2023-01-07 12:20:53,10.7,0.0,0.0,78.7,3.286106112
2023-01-07 12:21:10,10.7,0.0,0.0,78.6,3.284148224
2023-01-07 12:21:26,13.8,0.002,0.002,78.5,3.278446592
2023-01-07 12:21:43,6.9,0.0,0.0,78.5,3.278405632
2023-01-07 12:21:59,12.1,0.001,0.002,78.5,3.277524992
2023-01-07 12:22:15,21.2,0.0,0.0,78.3,3.270680576
2023-01-07 12:22:31,12.1,0.001,0.001,78.5,3.277467648
2023-01-07 12:22:46,7.7,0.001,0.0,78.4,3.276673024
2023-01-07 12:23:01,15.6,0.0,0.0,78.4,3.275251712
2023-01-07 12:23:17,8.4,0.0,0.0,78.4,3.275001856
2023-01-07 12:23:32,6.9,0.004,0.004,78.4,3.273506816
2023-01-07 12:23:48,14.4,0.0,0.0,78.4,3.273961472
2023-01-07 12:24:03,5.3,0.0,0.0,78.4,3.273179136
2023-01-07 12:24:18,9.2,0.005,0.0,78.4,3.27315456
2023-01-07 12:24:34,28.0,0.003,0.0,79.4,3.315789824
2023-01-07 12:24:50,34.6,0.0,0.0,81.2,3.390029824
2023-01-07 12:25:06,63.9,0.001,0.001,82.5,3.447660544
2023-01-07 12:25:22,64.9,0.005,0.0,80.9,3.379113984
2023-01-07 12:25:39,91.5,0.001,0.001,81.3,3.397545984
2023-01-07 12:25:55,53.0,0.017,0.0,83.0,3.465445376
2023-01-07 12:26:12,48.5,0.002,0.001,83.2,3.474427904
2023-01-07 12:26:28,29.6,0.0,0.0,81.2,3.393232896
2023-01-07 12:26:44,34.8,0.002,0.001,80.0,3.3417216
2023-01-07 12:27:00,28.8,0.003,0.0,80.1,3.345166336
2023-01-07 12:27:16,25.6,0.001,0.001,80.4,3.356237824
2023-01-07 12:27:32,28.9,0.001,0.0,79.9,3.3378304
2023-01-08 11:47:29,35.3,0.0,0.001,80.0,3.341389824
2023-01-08 11:47:36,32.6,0.001,0.0,82.2,3.43404544
2023-01-08 11:47:43,48.9,0.001,0.0,82.2,3.432583168
2023-01-08 11:47:49,34.8,0.0,0.0,80.5,3.360595968
2023-01-22 10:49:47,8.4,0.001,0.001,75.1,3.13851904
2023-01-22 10:50:03,2.3,0.0,0.001,75.2,3.141136384
2023-01-22 10:50:05,10.6,0.001,0.001,75.2,3.141996544
2023-01-22 10:50:07,19.8,0.001,0.0,75.2,3.139387392
2023-01-22 10:50:09,12.9,0.001,0.001,75.1,3.13649152
2023-01-22 10:50:12,31.2,0.0,0.001,75.2,3.140268032
2023-01-22 10:50:14,50.6,0.0,0.001,75.6,3.156566016
2023-01-22 10:50:17,47.2,0.0,0.001,75.7,3.159830528
2023-01-22 10:50:19,37.1,0.001,0.0,75.7,3.160891392
2023-01-22 10:50:21,65.7,0.003,0.0,75.7,3.161755648
2023-01-22 10:50:23,61.3,0.0,0.0,75.7,3.161206784
2023-01-22 10:50:25,89.3,0.0,0.0,75.7,3.16080128
2023-01-22 10:50:27,46.5,0.0,0.0,75.7,3.162660864
2023-01-22 10:50:30,34.3,0.0,0.0,75.7,3.163860992
2023-01-22 10:50:32,28.4,0.001,0.001,75.8,3.164606464
2023-01-22 10:50:34,27.2,0.001,0.0,75.8,3.164368896
2023-01-22 10:50:36,45.1,0.0,0.0,75.7,3.161976832
2023-01-22 10:50:40,11.4,0.002,0.002,77.1,3.219456
2023-01-22 10:50:42,39.6,0.0,0.0,77.1,3.221651456
2023-01-22 10:50:44,59.1,0.0,0.001,77.8,3.248111616
2023-01-22 10:50:46,38.0,0.001,0.001,77.6,3.242057728
2023-01-22 10:50:48,71.5,0.0,0.001,77.4,3.234537472
2023-01-22 10:50:50,15.4,0.001,0.0,77.7,3.243831296
2023-01-22 10:50:52,55.3,0.0,0.0,77.6,3.243200512
2023-01-22 10:50:54,78.8,0.001,0.0,77.4,3.231264768
2023-01-22 10:50:57,75.0,0.001,0.0,77.8,3.2493568
2023-01-22 10:50:59,47.5,0.001,0.0,77.7,3.24378624
2023-01-22 10:51:01,45.8,0.001,0.0,77.7,3.243778048
2023-01-22 10:51:04,53.4,0.0,0.0,77.6,3.24061184
2023-01-22 10:51:06,48.2,0.0,0.0,78.7,3.286122496
2023-01-22 10:51:08,67.9,0.004,0.003,78.6,3.283419136
2023-01-22 10:51:10,22.8,0.005,0.001,78.6,3.283300352
2023-01-22 10:51:12,42.5,0.013,0.006,78.4,3.275964416
2023-01-22 10:51:15,37.9,0.001,0.001,77.9,3.252002816
2023-01-22 10:51:17,15.2,0.002,0.001,77.9,3.255197696
2023-01-22 10:51:19,8.4,0.0,0.0,77.9,3.253952512
2023-01-22 10:51:21,16.5,0.004,0.001,77.9,3.253825536
2023-01-22 10:51:23,10.7,0.002,0.0,77.9,3.253383168
2023-01-22 10:51:25,3.1,0.001,0.0,77.3,3.230404608
2023-01-22 10:51:27,12.1,0.0,0.0,77.3,3.230564352
2023-01-22 10:51:29,13.0,0.001,0.0,77.3,3.22842624
2023-01-22 10:51:31,6.9,0.001,0.0,77.3,3.227353088
2023-01-22 10:51:33,15.9,0.0,0.0,77.3,3.227246592
2023-01-22 10:51:35,16.7,0.0,0.0,77.7,3.244019712
2023-01-22 10:51:38,62.4,0.001,0.0,77.5,3.238436864
2023-01-22 10:51:40,33.3,0.001,0.001,77.6,3.241156608
2023-01-22 10:51:42,62.6,0.001,0.001,81.4,3.400400896
2023-01-22 10:51:45,94.2,0.012,0.004,82.8,3.459178496
2023-01-22 10:51:47,100.0,0.002,0.001,86.2,3.598503936
2023-01-22 10:51:50,69.3,0.004,0.003,83.2,3.4771968
2023-01-22 10:51:52,40.7,0.115,0.002,82.4,3.440111616
2023-01-22 10:51:54,65.7,0.029,0.009,81.0,3.382472704
2023-01-22 10:51:56,69.8,0.059,0.016,80.5,3.362279424
2023-01-22 10:51:58,57.7,0.016,0.003,79.3,3.312193536
2023-01-22 10:52:01,100.0,0.448,0.022,79.3,3.310481408
2023-01-22 10:52:03,100.0,0.068,0.007,82.6,3.451633664
2023-01-22 10:52:05,94.7,0.0,0.0,82.0,3.426832384
2023-01-22 10:52:07,91.9,0.23,0.003,83.0,3.467681792
2023-01-22 10:52:09,81.0,0.0,0.0,82.8,3.459252224
2023-01-22 10:52:12,72.2,0.001,0.0,81.1,3.385409536
2023-01-22 10:52:14,83.3,0.001,0.001,80.6,3.367108608
2023-01-22 10:52:16,23.0,0.001,0.0,80.1,3.346583552
2023-01-22 10:52:18,48.1,0.0,0.0,81.4,3.399868416
2023-01-22 10:52:20,39.4,0.001,0.001,81.5,3.403546624
2023-01-22 10:52:22,59.6,0.001,0.001,81.3,3.395063808
2023-01-22 12:04:55,33.8,0.009,0.005,82.6,3.448512512
2023-01-22 12:04:57,56.2,0.001,0.002,82.2,3.433488384
2023-01-22 12:04:59,48.9,0.005,0.003,82.1,3.427155968
2023-01-22 12:05:02,23.8,0.0,0.001,82.1,3.428118528
2023-01-22 12:05:04,50.7,0.007,0.003,82.1,3.428282368
2023-01-22 12:05:06,54.0,0.001,0.001,82.0,3.424763904
2023-01-22 12:05:09,41.2,0.001,0.0,82.0,3.425828864
2023-01-22 12:05:11,53.4,0.0,0.0,82.1,3.427930112
2023-01-22 12:05:13,65.5,0.004,0.005,81.9,3.422461952
2023-01-22 12:05:15,57.4,0.001,0.0,81.9,3.42247424
2023-01-22 12:05:18,17.7,0.001,0.0,81.9,3.419860992
2023-01-22 12:05:20,51.5,0.001,0.0,82.2,3.434725376
2023-01-22 12:05:25,62.2,0.0,0.002,82.3,3.43836672
2023-01-22 12:05:30,65.4,0.005,0.005,82.3,3.437883392
2023-01-22 12:05:33,71.2,0.001,0.003,82.4,3.441278976
2023-01-22 12:05:37,63.1,0.001,0.001,82.4,3.441201152
2023-01-22 12:05:42,71.2,0.0,0.0,82.4,3.44025088
2023-01-22 12:05:49,64.9,0.004,0.004,84.2,3.515785216
2023-01-22 12:05:55,52.1,0.0,0.0,80.7,3.369361408
2023-01-22 12:05:57,53.0,0.004,0.003,79.9,3.338653696
2023-01-22 12:05:59,35.6,0.009,0.005,80.4,3.3585152
2023-01-22 12:06:01,74.1,0.0,0.0,80.3,3.353157632
2023-01-22 12:06:05,74.0,0.001,0.002,81.6,3.40934656
2023-01-22 12:06:07,89.9,0.0,0.001,82.5,3.445583872
2023-01-22 12:06:09,65.5,0.001,0.001,82.1,3.428663296
2023-01-22 12:06:11,57.5,0.01,0.002,82.1,3.428937728
2023-01-22 12:06:13,39.2,0.001,0.0,82.4,3.440652288
2023-01-22 12:06:16,23.7,0.0,0.0,82.7,3.452903424
2023-01-22 12:06:18,53.4,0.001,0.0,82.8,3.457343488
2023-01-22 12:06:20,53.0,0.001,0.0,82.8,3.456528384
2023-01-22 12:06:23,64.0,0.0,0.0,83.3,3.477602304
2023-01-22 12:06:25,38.8,0.0,0.0,83.3,3.477741568
2023-01-22 12:06:28,80.1,0.004,0.003,83.9,3.50490624
2023-01-22 12:06:30,40.9,0.0,0.0,83.9,3.505729536
2023-01-22 12:06:32,50.4,0.009,0.006,83.9,3.50574592
2023-01-22 12:06:35,54.3,0.001,0.001,83.9,3.50287872
2023-01-22 12:06:37,27.5,0.0,0.001,83.0,3.467882496
2023-01-22 12:06:39,42.9,0.001,0.001,83.3,3.48076032
2023-01-22 12:06:42,34.6,0.0,0.0,83.4,3.48491776
2023-01-22 12:06:44,41.0,0.001,0.0,83.4,3.484934144
2023-01-22 12:06:46,72.2,0.001,0.0,83.3,3.480702976
2023-01-22 12:06:49,42.8,0.001,0.0,84.3,3.52253952
2023-01-22 12:06:51,44.9,0.001,0.0,84.2,3.518787584
2023-01-22 12:06:53,72.3,0.004,0.001,84.0,3.507449856
2023-01-22 12:06:56,54.3,0.002,0.0,84.0,3.5083264
2023-01-22 12:06:58,53.7,0.005,0.004,83.8,3.498737664
2023-01-22 12:07:00,82.3,0.001,0.0,84.5,3.531436032
2023-01-22 12:07:02,63.9,0.0,0.0,83.9,3.506106368
2023-01-22 12:07:04,64.7,0.003,0.001,84.2,3.518062592
2023-01-22 12:07:06,68.4,0.002,0.001,85.4,3.566518272
2023-01-22 12:07:09,60.9,0.002,0.001,85.5,3.572105216
2023-01-22 12:07:11,60.9,0.002,0.001,85.5,3.56917248
2023-01-22 12:21:18,33.1,0.0,0.0,80.4,3.358101504
2023-01-22 12:21:21,60.8,0.002,0.001,80.3,3.355324416
2023-01-22 12:21:23,48.5,0.006,0.001,80.3,3.355328512
2023-01-22 12:21:26,51.1,0.004,0.006,80.4,3.358834688
2023-01-22 12:21:29,64.1,0.003,0.0,80.5,3.3606656
2023-01-22 12:21:32,53.8,0.002,0.0,80.5,3.360768
2023-01-22 12:21:35,60.3,0.001,0.0,80.5,3.360940032
2023-01-22 12:21:38,50.8,0.0,0.0,80.5,3.362320384
2023-01-22 12:21:41,55.0,0.0,0.0,80.5,3.362136064
2023-01-22 12:21:44,56.9,0.0,0.0,80.5,3.362123776
2023-01-22 12:21:46,60.8,0.001,0.0,80.5,3.360792576
2023-01-22 12:21:49,59.2,0.0,0.0,80.5,3.361808384
2023-01-22 12:21:52,62.0,0.0,0.001,80.4,3.359391744
2023-01-22 12:21:55,51.8,0.0,0.001,80.5,3.360698368
2023-01-22 12:21:58,64.0,0.008,0.001,80.5,3.361865728
2023-01-22 12:22:01,63.2,0.0,0.0,80.5,3.363139584
2023-01-22 12:22:04,63.5,0.001,0.0,80.5,3.363172352
2023-01-22 12:22:07,58.8,0.0,0.0,80.5,3.363909632
2023-01-22 12:22:09,56.1,0.005,0.002,80.5,3.362545664
2023-01-22 12:22:12,67.9,0.001,0.003,80.5,3.363561472
2023-01-22 12:22:15,58.0,0.001,0.002,80.9,3.378151424
2023-01-22 12:22:18,35.0,0.0,0.0,80.9,3.378356224
2023-01-22 12:22:20,71.6,0.001,0.0,80.0,3.342512128
2023-01-22 17:04:16,,,,,
2023-01-22 17:08:09,,,,,
2023-01-22 17:11:53,,,,,
2023-01-22 17:13:37,66.7,0.001,0.001,78.7,3.286638592
2023-01-22 17:13:48,66.9,0.0,0.0,78.6,3.284631552
2023-01-22 17:14:00,72.8,0.0,0.0,78.7,3.287752704
2023-01-22 17:14:09,85.7,0.0,0.001,78.8,3.29340928
2023-01-22 17:14:18,79.1,0.0,0.0,77.6,3.242500096
2023-01-22 17:14:27,70.8,0.0,0.003,77.6,3.239501824
2023-01-22 17:14:37,65.2,0.001,0.0,77.6,3.240660992
2023-01-22 17:14:46,68.5,0.0,0.0,77.7,3.244531712
2023-01-22 17:14:55,61.3,0.007,0.005,77.7,3.244130304
2023-01-22 17:15:07,84.7,0.0,0.0,78.1,3.261591552
2023-01-22 17:15:11,89.3,0.001,0.001,78.3,3.271634944
2023-01-22 17:15:15,59.4,0.001,0.001,78.4,3.276480512
2023-01-22 17:15:18,67.4,0.001,0.0,78.5,3.277746176
2023-01-22 17:15:21,69.5,0.002,0.0,78.5,3.27835648
2023-01-22 17:15:24,61.1,0.0,0.0,78.5,3.2790528
2023-01-22 17:15:27,67.2,0.0,0.0,78.5,3.27788544
2023-01-22 17:15:30,60.8,0.0,0.0,78.5,3.279785984
2023-01-22 17:15:33,66.4,0.001,0.001,78.6,3.281154048
2023-01-22 17:15:38,100.0,0.001,0.0,79.6,3.32535808
2023-01-22 17:15:41,100.0,0.0,0.0,79.6,3.326783488
2023-01-22 17:15:43,67.2,0.001,0.001,79.7,3.329851392
2023-01-22 17:15:48,72.8,0.0,0.001,79.6,3.323355136
2023-01-22 17:15:53,66.2,0.001,0.0,81.7,3.412045824
2023-01-22 17:15:57,76.3,0.788,0.007,81.5,3.404169216
2023-01-22 17:16:02,68.6,0.0,0.0,81.2,3.392188416
2023-01-22 17:16:06,79.7,0.0,0.0,80.9,3.381108736
2023-01-22 17:16:10,94.8,0.0,0.0,80.4,3.357097984
2023-01-22 17:16:17,70.4,0.0,0.0,83.3,3.477889024
2023-01-22 17:16:20,73.6,0.009,0.004,82.9,3.464249344
2023-01-22 17:16:25,67.4,0.009,0.007,83.0,3.467665408
2023-01-22 17:16:35,76.1,0.001,0.0,81.8,3.417350144
2023-01-22 17:16:39,100.0,0.207,0.011,82.2,3.431739392
2023-01-22 17:16:47,100.0,0.0,0.001,81.7,3.412267008
2023-01-22 17:16:53,61.1,0.001,0.0,82.2,3.434692608
2023-01-22 17:16:56,51.5,0.0,0.0,82.1,3.430240256
2023-01-22 17:16:59,73.1,0.0,0.0,82.3,3.43805952
2023-01-22 17:17:04,84.3,0.013,0.006,82.3,3.437674496
2023-01-22 17:17:09,67.9,0.004,0.0,81.4,3.401949184
2023-01-22 17:17:15,57.8,0.001,0.0,81.4,3.399458816
2023-01-22 17:17:18,58.8,0.0,0.001,81.3,3.397435392
2023-01-22 17:17:21,84.3,0.001,0.001,82.3,3.437146112
2023-01-22 17:17:23,53.3,0.001,0.0,82.3,3.435585536
2023-01-22 17:17:25,45.1,0.0,0.0,82.3,3.436449792
2023-01-22 17:56:42,,,,,
2023-01-22 17:58:14,,,,,
2023-01-22 17:58:34,45.5,0.0,0.0,83.5,3.486408704
2023-01-22 17:58:44,58.5,0.0,0.0,83.7,3.49462528
2023-01-22 17:58:54,55.4,0.795,0.008,83.6,3.491651584
2023-01-22 17:59:05,61.7,0.001,0.0,83.7,3.496976384
2023-01-22 17:59:13,58.2,0.0,0.001,83.7,3.495620608
2023-01-22 17:59:23,72.7,0.0,0.0,83.7,3.497418752
2023-01-22 17:59:32,64.1,0.001,0.001,83.8,3.49974528
2023-01-22 17:59:42,53.8,0.0,0.0,83.8,3.500638208
2023-01-22 17:59:54,70.6,0.002,0.001,83.6,3.49202432
2023-01-22 18:00:06,100.0,0.0,0.0,87.1,3.638648832
2023-01-22 18:00:19,79.8,0.0,0.0,84.7,3.5371008
2023-01-22 18:00:30,62.9,0.396,0.004,83.8,3.500023808
2023-01-22 18:00:41,65.2,0.8,0.008,83.9,3.505209344
2023-01-22 18:00:52,66.7,0.001,0.001,84.0,3.507372032
2023-01-22 18:01:03,69.1,0.001,0.001,84.1,3.514462208
2023-01-22 18:01:13,71.6,0.0,0.0,83.9,3.505467392
2023-01-22 18:01:24,86.7,0.0,0.0,83.8,3.499679744
2023-01-22 18:01:34,63.6,0.787,0.008,83.8,3.498459136
2023-01-22 18:01:44,88.3,0.001,0.001,84.1,3.51410176
2023-01-22 18:01:54,61.2,0.0,0.0,84.3,3.52069632
2023-01-22 18:02:03,56.2,0.001,0.0,84.2,3.518517248
2023-01-22 18:02:13,73.5,0.0,0.0,84.2,3.516223488
2023-01-22 18:02:22,63.8,0.0,0.0,84.1,3.513049088
2023-01-22 18:02:34,75.9,0.0,0.0,84.6,3.53232896
2023-01-22 18:02:42,68.1,0.0,0.001,85.7,3.579117568
2023-01-22 18:04:53,,,,,
2023-01-22 18:06:34,67.2,0.0,0.0,85.0,3.550117888
2023-01-22 18:06:44,91.7,0.004,0.005,85.1,3.552878592
2023-01-22 18:06:53,60.8,0.0,0.001,85.7,3.578580992
2023-01-22 18:07:03,73.8,0.001,0.0,85.4,3.56642816
2023-01-22 18:07:15,65.6,0.0,0.0,85.4,3.566215168
2023-01-22 18:07:24,72.9,0.001,0.001,85.4,3.565625344
2023-01-22 18:07:34,88.1,0.0,0.0,85.3,3.564204032
2023-01-22 18:07:45,85.0,0.001,0.001,85.9,3.58895616
2023-01-22 18:07:53,82.2,0.0,0.0,85.8,3.581693952
2023-01-22 18:08:03,86.2,0.004,0.005,85.6,3.574759424
2023-01-22 18:08:14,72.5,0.0,0.0,85.6,3.575259136
2023-01-22 19:21:25,,,,,
2023-01-22 19:21:53,,,,,
2023-01-22 19:22:14,38.7,0.001,0.001,83.3,3.477950464
2023-01-22 19:22:23,14.4,0.0,0.0,83.8,3.500556288
2023-01-22 19:22:30,29.0,0.0,0.0,83.9,3.5023872
2023-01-22 19:22:39,47.3,0.001,0.0,84.5,3.529961472
2023-01-22 19:22:48,69.5,0.0,0.0,83.4,3.484172288
2023-01-22 19:22:57,53.4,0.0,0.0,83.4,3.483906048
2023-01-22 19:23:06,57.6,0.0,0.0,83.4,3.483099136
2023-01-22 19:23:15,55.4,0.017,0.001,83.4,3.481468928
2023-01-22 19:23:24,71.0,0.001,0.0,83.6,3.490185216
2023-01-22 19:23:33,23.5,0.001,0.0,83.5,3.488874496
2023-01-22 19:23:41,16.2,0.0,0.001,83.3,3.480129536
2023-01-22 19:23:48,41.5,0.0,0.0,83.4,3.482865664
2023-01-22 19:23:57,25.4,0.002,0.0,83.5,3.489439744
2023-01-22 19:24:04,29.9,0.001,0.0,83.1,3.472908288
2023-01-22 19:24:12,64.7,0.001,0.0,83.2,3.475705856
2023-01-22 19:24:34,,,,,
2023-01-22 19:25:45,45.0,0.0,0.001,82.8,3.457794048
2023-01-22 19:25:52,29.0,0.0,0.001,83.2,3.4768896
2023-01-22 19:26:00,37.6,0.0,0.0,80.8,3.373252608
2023-01-22 19:26:08,34.5,0.0,0.0,82.4,3.44311808
2023-01-22 19:26:15,17.4,0.001,0.0,82.2,3.433803776
2023-01-22 19:26:22,19.2,0.003,0.001,81.7,3.41071872
2023-01-22 19:26:30,20.6,0.0,0.0,82.9,3.46066944
2023-01-22 19:26:39,11.5,0.0,0.0,82.9,3.463200768
2023-01-22 19:26:47,19.1,0.001,0.0,83.0,3.467874304
2023-01-22 19:26:55,18.0,0.0,0.0,83.1,3.472871424
2023-01-22 19:27:04,25.6,0.001,0.0,83.2,3.474173952
2023-01-22 19:27:12,11.5,0.003,0.0,83.3,3.479801856
2023-01-22 19:27:20,7.7,0.0,0.001,83.2,3.476656128
2023-01-22 19:27:29,14.4,0.002,0.0,83.2,3.475013632
2023-01-22 19:27:37,16.7,0.002,0.0,83.2,3.47461632
2023-01-22 19:27:45,17.3,0.0,0.0,83.2,3.474591744
2023-01-22 19:27:53,9.2,0.0,0.001,83.2,3.47326464
2023-01-22 19:28:02,31.6,0.0,0.0,87.4,3.651186688
2023-01-22 19:28:11,14.5,0.0,0.0,81.8,3.4149376
2023-01-22 19:28:19,23.9,0.021,0.0,81.8,3.414966272
2023-01-22 19:28:28,17.3,0.002,0.001,81.7,3.414163456
2023-01-22 19:28:36,10.6,0.0,0.0,81.7,3.414192128
2023-01-22 19:28:44,17.4,0.004,0.001,81.7,3.411460096
2023-01-22 19:28:53,12.0,0.0,0.0,81.7,3.411623936
2023-01-22 19:29:01,13.0,0.0,0.0,81.7,3.411480576
2023-01-22 19:29:09,11.5,0.002,0.0,81.7,3.410694144
2023-01-22 19:29:17,18.9,0.0,0.0,81.6,3.408429056
2023-01-22 19:29:26,17.9,0.001,0.001,81.7,3.410436096
2023-01-22 19:29:34,14.6,0.0,0.0,81.6,3.410153472
2023-01-22 19:29:42,14.6,0.0,0.0,81.6,3.4103296
2023-01-22 19:29:51,26.0,0.001,0.001,81.6,3.410075648
2023-01-22 19:29:59,15.9,0.0,0.001,81.6,3.409965056
2023-01-22 19:30:07,13.8,0.001,0.0,81.6,3.409784832
2023-01-22 19:30:17,50.0,0.005,0.002,82.8,3.456524288
2023-01-22 19:30:26,32.1,0.0,0.0,83.3,3.47838464
2023-01-22 19:30:35,20.5,0.171,0.023,83.5,3.489501184
2023-01-22 19:30:44,23.7,0.0,0.0,83.6,3.49003776
2023-01-22 19:30:53,21.5,0.243,0.041,83.6,3.49026304
2023-01-22 19:31:03,53.4,0.001,0.001,83.5,3.489447936
2023-01-22 19:31:12,37.8,0.017,0.045,84.5,3.53099776
2023-01-22 19:31:22,40.8,0.001,0.0,84.7,3.536433152
2023-01-22 19:31:31,42.3,0.005,0.004,84.6,3.534893056
2023-01-22 19:31:41,17.9,0.001,0.001,84.9,3.545468928
2023-01-22 19:31:51,13.6,0.0,0.0,85.4,3.56544512
2023-01-22 19:32:01,26.9,0.004,0.0,84.8,3.5429376
2023-01-22 19:32:10,33.8,0.0,0.0,88.3,3.689684992
2023-01-22 19:32:23,21.2,0.0,0.0,91.8,3.835363328
2023-01-22 19:32:33,63.8,0.0,0.0,92.7,3.873738752
2023-01-22 19:32:44,43.1,0.0,0.0,93.3,3.898564608
2023-01-22 19:32:57,49.6,0.008,0.003,89.8,3.75117824
2023-01-22 19:33:09,16.7,0.003,0.001,90.0,3.760279552
2023-01-22 19:33:21,73.6,0.004,0.0,92.1,3.845984256
2023-01-22 19:33:33,22.0,0.001,0.0,92.2,3.849547776
2023-01-22 19:33:44,50.0,0.0,0.0,92.6,3.866734592
2023-01-22 19:33:55,20.6,0.0,0.0,92.1,3.84653312
2023-01-22 19:34:10,96.2,0.0,0.0,92.9,3.881422848
2023-01-22 19:34:29,94.7,0.001,0.005,89.4,3.733712896
2023-01-22 19:34:43,84.0,0.0,0.0,90.5,3.781148672
2023-01-22 19:34:53,68.9,0.0,0.0,90.5,3.781689344
2023-01-22 19:35:05,69.4,0.001,0.0,89.9,3.75445504
2023-01-22 19:35:18,69.2,0.0,0.0,90.1,3.763859456
2023-01-22 19:35:39,99.3,0.033,0.015,89.5,3.73755904
2023-01-22 19:35:58,100.0,0.0,0.0,91.7,3.828867072
2023-01-22 19:36:15,55.8,0.0,0.0,91.7,3.829075968
2023-01-22 19:36:29,64.0,0.001,0.0,91.7,3.828793344
2023-01-22 19:36:43,43.5,0.0,0.0,91.4,3.817586688
2023-01-22 19:36:58,63.7,0.006,0.005,91.1,3.804991488
2023-01-22 19:37:20,93.4,0.002,0.001,89.1,3.722559488
2023-01-22 19:37:31,83.5,0.001,0.0,86.1,3.595636736
2023-01-22 19:37:50,67.7,0.0,0.0,86.6,3.61621504
2023-01-22 19:38:01,55.0,0.0,0.0,81.5,3.40256768
2023-01-22 19:38:14,59.0,0.002,0.0,81.8,3.417673728
2023-01-22 19:38:29,42.6,0.004,0.001,78.6,3.283152896
2023-01-22 19:38:40,65.6,0.0,0.0,77.5,3.238363136
2023-01-22 19:38:51,44.6,0.001,0.0,77.5,3.237904384
2023-01-22 19:39:01,48.5,0.0,0.0,77.6,3.239284736
2023-01-22 19:39:14,61.7,0.001,0.0,78.3,3.271462912
2023-01-22 19:39:24,75.8,0.0,0.0,78.2,3.265318912
2023-01-22 19:39:35,63.8,0.0,0.0,78.0,3.25863424
2023-01-22 19:39:45,66.9,0.001,0.0,77.8,3.251007488
2023-01-22 19:39:58,97.2,0.001,0.0,78.3,3.268722688
2023-01-22 19:40:09,61.5,0.0,0.0,79.1,3.305402368
2023-01-22 19:40:22,65.0,0.002,0.0,79.4,3.314720768
2023-01-22 19:40:32,76.7,0.0,0.001,78.4,3.272728576
2023-01-22 19:40:42,72.0,0.0,0.0,78.6,3.281600512
2023-01-22 19:40:54,87.9,0.0,0.0,78.9,3.295924224
2023-01-22 19:41:04,63.8,0.001,0.0,78.6,3.284942848
2023-01-22 19:41:16,74.6,0.001,0.0,78.7,3.28665088
2023-01-22 19:41:26,71.4,0.0,0.0,78.5,3.280437248
2023-01-22 19:41:41,87.0,0.0,0.0,80.3,3.352170496
2023-01-22 19:41:56,84.4,0.0,0.0,80.7,3.369086976
2023-01-22 19:42:10,93.5,0.0,0.001,81.2,3.39093504
2023-01-22 19:42:23,95.9,0.0,0.0,81.2,3.393179648
2023-01-22 19:42:43,67.6,0.0,0.001,81.9,3.422859264
2023-01-22 19:42:58,88.3,0.001,0.002,83.1,3.470598144
2023-01-22 19:43:27,,,,,
2023-01-22 19:46:17,,,,,
2023-01-22 19:46:42,72.2,0.0,0.0,79.5,3.321982976
2023-01-22 19:46:54,78.8,0.0,0.001,79.7,3.327430656
2023-01-22 19:47:04,60.6,0.0,0.0,79.8,3.331362816
2023-01-22 19:47:14,59.4,0.001,0.0,79.8,3.332190208
2023-01-22 19:47:25,54.2,0.001,0.001,79.8,3.331330048
2023-01-22 19:47:36,59.1,0.001,0.0,79.7,3.33080576
2023-01-22 19:47:47,58.5,0.002,0.0,79.8,3.331637248
2023-01-22 19:47:58,57.9,0.0,0.001,77.8,3.250671616
2023-01-22 19:48:09,60.6,0.0,0.0,77.7,3.247079424
2023-01-22 19:48:20,68.2,0.004,0.0,77.8,3.248582656
2023-01-22 19:48:31,63.2,0.001,0.0,77.8,3.25107712
2023-01-22 19:48:42,61.1,0.0,0.0,77.9,3.25224448
2023-01-22 19:48:53,65.4,0.0,0.0,77.9,3.251761152
2023-01-22 19:49:04,59.1,0.001,0.0,77.9,3.252314112
2023-01-22 19:49:15,60.3,0.001,0.0,77.8,3.249250304
2023-01-22 19:49:25,58.0,0.001,0.0,77.9,3.251884032
2023-01-22 19:49:36,55.4,0.001,0.0,77.9,3.252199424
2023-01-22 19:49:48,55.6,0.0,0.0,77.8,3.251617792
2023-01-22 19:49:58,43.1,0.0,0.0,77.9,3.253547008
2023-01-22 19:50:09,54.9,0.001,0.0,77.9,3.252973568
2023-01-22 19:50:20,51.9,0.001,0.0,78.0,3.255898112
2023-01-22 19:50:32,57.7,0.001,0.001,77.9,3.255775232
2023-01-22 19:50:43,64.9,0.0,0.0,77.9,3.255410688
2023-01-22 19:50:53,64.8,0.0,0.0,78.0,3.256311808
2023-01-22 19:51:04,63.6,0.001,0.001,78.0,3.2561152
2023-01-22 19:51:14,90.2,0.0,0.0,78.5,3.280617472
2023-01-22 19:51:26,82.4,0.001,0.001,78.7,3.287932928
2023-01-22 19:51:35,63.2,0.001,0.001,79.0,3.300118528
2023-01-22 19:51:46,53.8,0.002,0.0,79.0,3.29832448
2023-01-22 19:51:57,64.9,0.0,0.0,79.0,3.298816
2023-01-22 19:52:08,99.2,0.0,0.005,78.2,3.266260992
2023-01-22 19:52:18,68.4,0.001,0.001,76.8,3.20587776
2023-01-22 19:52:29,61.8,0.0,0.0,76.7,3.20333824
2023-01-22 19:52:39,59.5,0.001,0.001,76.7,3.203690496
2023-01-22 19:52:51,50.4,0.001,0.0,76.7,3.202945024
2023-01-22 19:53:02,54.1,0.001,0.0,75.5,3.154079744
2023-01-22 19:53:13,50.0,0.003,0.001,75.5,3.15164672
2023-01-22 19:53:25,54.6,0.001,0.0,75.3,3.145711616
2023-01-22 19:53:36,56.0,0.0,0.0,75.4,3.148439552
2023-01-22 19:53:47,54.5,0.001,0.0,75.4,3.148566528
2023-01-22 19:53:59,56.5,0.0,0.0,75.3,3.144527872
2023-01-22 19:54:10,63.1,0.001,0.0,75.8,3.167076352
2023-01-22 19:54:20,54.6,0.001,0.0,75.5,3.153629184
2023-01-22 19:54:31,68.7,0.0,0.002,75.5,3.151777792
2023-01-22 19:54:42,71.2,0.0,0.0,75.4,3.151347712
2023-01-22 19:54:53,45.5,0.0,0.0,75.5,3.153207296
2023-01-22 19:55:05,53.0,0.001,0.0,75.5,3.15224064
2023-01-22 19:55:16,53.8,0.001,0.0,75.5,3.155132416
2023-01-22 19:55:27,63.8,0.0,0.0,76.2,3.183202304
2023-01-22 19:55:38,68.7,0.0,0.0,77.0,3.215548416
2023-01-22 19:55:51,57.9,0.001,0.001,77.4,3.23188736
2023-01-22 19:56:02,73.5,0.0,0.0,77.6,3.242758144
2023-01-22 19:56:14,66.4,0.001,0.0,78.2,3.264704512
2023-01-22 19:56:24,61.2,0.0,0.001,78.4,3.272794112
2023-01-22 19:56:35,56.1,0.0,0.0,78.4,3.274420224
2023-01-22 19:56:47,69.7,0.0,0.0,78.4,3.274051584
2023-01-22 19:56:59,71.4,0.0,0.0,78.5,3.277029376
2023-01-22 19:57:10,48.9,0.002,0.0,79.0,3.301412864
2023-01-22 19:57:22,70.2,0.001,0.0,78.8,3.290607616
2023-01-22 19:57:34,57.1,0.001,0.001,78.7,3.289194496
2023-01-22 19:57:45,56.6,0.0,0.0,78.7,3.288276992
2023-01-22 19:57:56,80.6,0.002,0.003,76.9,3.213205504
2023-01-22 19:58:07,46.6,0.0,0.001,77.2,3.223552
2023-01-22 19:58:18,81.8,0.003,0.0,77.2,3.222765568
2023-01-22 19:58:29,67.7,0.001,0.001,77.2,3.222626304
2023-01-22 19:58:40,67.7,0.0,0.0,77.1,3.220619264
2023-01-22 19:58:51,62.3,0.002,0.0,77.1,3.22164736
2023-01-22 19:59:02,55.7,0.0,0.001,77.2,3.222474752
2023-01-22 19:59:12,67.7,0.002,0.0,77.1,3.220201472
2023-01-22 19:59:23,48.4,0.0,0.0,77.1,3.220312064
2023-01-22 19:59:31,64.9,0.001,0.001,77.1,3.218423808
2023-01-22 19:59:41,49.2,0.001,0.0,77.1,3.219206144
2023-01-22 19:59:52,58.8,0.001,0.0,77.1,3.219881984
2023-01-22 20:00:05,98.5,0.004,0.006,78.3,3.26934528
2023-01-22 20:00:16,58.8,0.001,0.0,77.1,3.220180992
2023-01-22 20:00:27,72.0,0.001,0.0,77.1,3.221966848
2023-01-22 20:00:39,57.9,0.001,0.0,77.2,3.22492416
2023-01-22 20:00:49,47.7,0.0,0.0,77.2,3.22592768
2023-01-22 20:01:01,56.4,0.002,0.001,77.3,3.226648576
2023-01-22 20:01:13,58.0,0.003,0.001,77.4,3.234586624
2023-01-22 20:01:24,44.7,0.001,0.0,77.4,3.234410496
2023-01-22 20:01:36,63.6,0.001,0.001,77.1,3.220017152
2023-01-22 20:01:47,66.4,0.0,0.0,76.5,3.196583936
2023-01-22 20:01:58,51.9,0.001,0.0,76.4,3.192025088
2023-01-22 20:02:09,53.1,0.001,0.001,76.4,3.189989376
2023-01-22 20:02:21,43.8,0.001,0.0,76.2,3.184771072
2023-01-22 20:02:32,45.4,0.001,0.001,76.2,3.183992832
2023-01-22 20:02:43,49.6,0.001,0.001,76.2,3.184607232
2023-01-22 20:02:56,56.1,0.0,0.0,76.2,3.182645248
2023-01-22 20:03:06,76.9,0.0,0.0,76.2,3.18244864
2023-01-22 20:03:17,81.2,0.02,0.001,75.9,3.172077568
2023-01-22 20:03:28,54.5,0.001,0.0,75.1,3.13501696
2023-01-22 20:03:38,68.2,0.0,0.0,75.1,3.13673728
2023-01-22 20:03:50,54.5,0.001,0.0,75.1,3.136192512
2023-01-22 20:04:01,54.5,0.0,0.0,75.0,3.13432064
2023-01-22 20:04:12,61.8,0.001,0.0,75.0,3.13432064
2023-01-22 20:04:23,58.2,0.0,0.0,75.1,3.136827392
2023-01-22 20:04:33,58.8,0.001,0.001,75.1,3.136499712
2023-01-22 20:04:44,56.8,0.0,0.0,75.1,3.135832064
2023-01-22 20:04:54,62.3,0.0,0.0,75.1,3.136704512
2023-01-22 20:05:06,58.6,0.0,0.0,75.1,3.136151552
2023-01-22 20:05:16,55.7,0.001,0.001,75.1,3.13667584
2023-01-22 20:05:27,53.4,0.0,0.0,76.5,3.19428608
2023-01-22 20:05:39,59.1,0.0,0.0,76.5,3.19352832
2023-01-22 20:05:50,64.6,0.0,0.0,76.4,3.191574528
2023-01-22 20:06:01,62.6,0.002,0.0,76.8,3.208466432
2023-01-22 20:06:12,55.6,0.029,0.007,76.8,3.206033408
2023-01-22 20:06:23,93.9,0.0,0.001,77.6,3.239227392
2023-01-22 20:06:33,50.8,0.001,0.0,76.8,3.208327168
2023-01-22 20:06:45,54.6,0.0,0.0,76.9,3.211280384
2023-01-22 20:06:56,63.2,0.001,0.001,76.7,3.2055296
2023-01-22 20:07:07,72.9,0.0,0.0,76.9,3.210686464
2023-01-22 20:07:19,46.6,0.001,0.002,77.4,3.233140736
2023-01-22 20:07:31,58.6,0.0,0.0,77.2,3.225821184
2023-01-22 20:07:42,58.2,0.0,0.0,77.2,3.225604096
2023-01-22 20:07:53,56.8,0.0,0.0,77.2,3.22473984
2023-01-22 20:08:04,61.4,0.004,0.0,75.0,3.134046208
2023-01-22 20:08:15,57.3,0.009,0.0,74.9,3.129884672
2023-01-22 20:08:26,47.4,0.002,0.0,75.0,3.13065472
2023-01-22 20:08:38,51.5,0.0,0.0,75.1,3.136954368
2023-01-22 20:08:49,53.8,0.0,0.0,75.1,3.137568768
2023-01-22 20:09:00,51.1,0.0,0.0,75.2,3.141632
2023-01-22 20:09:11,51.9,0.001,0.0,75.0,3.133136896
2023-01-22 20:09:23,62.4,0.0,0.0,75.0,3.133734912
2023-01-22 20:09:34,50.8,0.001,0.001,75.0,3.13253888
2023-01-22 20:09:45,71.4,0.0,0.0,75.1,3.134849024
2023-01-22 20:09:57,95.5,0.005,0.002,75.4,3.151265792
2023-01-22 20:10:08,79.9,0.0,0.0,76.6,3.198828544
2023-01-22 20:10:19,77.4,0.001,0.0,76.5,3.194888192
2023-01-22 20:10:31,89.2,0.0,0.0,79.0,3.299475456
2023-01-22 20:10:44,69.5,0.0,0.0,79.7,3.33017088
2023-01-22 20:10:56,55.1,0.002,0.0,80.3,3.355471872
2023-01-22 20:11:07,46.6,0.0,0.0,80.2,3.351760896
2023-01-22 20:11:18,47.4,0.0,0.0,80.3,3.351949312
2023-01-22 20:11:30,62.1,0.001,0.0,80.1,3.344822272
2023-01-22 20:11:41,52.6,0.0,0.001,79.9,3.338981376
2023-01-22 20:11:51,46.9,0.001,0.0,80.1,3.34442496
2023-01-22 20:12:03,46.6,0.0,0.0,80.0,3.341438976
2023-01-22 20:12:14,48.9,0.001,0.0,80.0,3.339685888
2023-01-22 20:12:25,47.0,0.001,0.0,79.9,3.338768384
2023-01-22 20:12:37,51.5,0.0,0.0,79.9,3.338297344
2023-01-22 20:12:48,48.9,0.0,0.004,79.9,3.338215424
2023-01-22 20:12:59,53.0,0.0,0.001,78.0,3.258703872
2023-01-22 20:13:10,53.1,0.003,0.001,78.1,3.260583936
2023-01-22 20:13:22,56.8,0.001,0.0,78.0,3.25971968
2023-01-22 20:13:33,56.2,0.001,0.0,78.1,3.263307776
2023-01-22 20:13:45,50.0,0.0,0.0,78.0,3.258171392
2023-01-22 20:13:56,50.4,0.001,0.0,79.7,3.32959744
2023-01-22 20:14:07,50.7,0.0,0.0,79.7,3.32865536
2023-01-22 20:14:19,63.6,0.001,0.001,79.7,3.3304576
2023-01-22 20:14:29,50.0,0.001,0.001,79.6,3.3248256
2023-01-22 20:14:40,48.1,0.0,0.0,79.7,3.3287168
2023-01-22 20:14:51,70.0,0.001,0.001,79.7,3.330097152
2023-01-22 20:15:03,92.6,0.001,0.0,80.1,3.346132992
2023-01-22 20:15:13,68.2,0.003,0.0,80.3,3.353112576
2023-01-22 20:15:24,43.7,0.0,0.0,79.4,3.316965376
2023-01-22 20:15:34,71.8,0.0,0.0,78.9,3.294486528
2023-01-22 20:15:45,58.0,0.0,0.0,79.1,3.301961728
2023-01-26 16:46:31,,,,,
2023-02-04 19:47:59,,,,,
2023-02-05 12:19:50,,,,,
2023-02-05 12:21:14,48.6,0.0,0.0,86.1,3.596107776
2023-02-05 12:21:27,48.7,0.0,0.0,86.7,3.62246144
2023-02-05 12:21:40,62.7,0.0,0.0,86.8,3.624914944
2023-02-05 12:21:53,62.0,0.003,0.0,87.1,3.638030336
2023-02-05 12:22:03,51.5,0.001,0.001,87.1,3.636330496
2023-02-05 12:22:14,72.6,0.001,0.001,87.1,3.639660544
2023-02-05 12:22:24,87.8,0.002,0.0,87.2,3.644010496
2023-02-05 12:22:34,67.7,0.001,0.001,87.3,3.647213568
2023-02-05 12:22:45,71.0,0.0,0.0,86.5,3.613417472
2023-02-05 12:22:54,78.6,0.001,0.0,85.4,3.568152576
2023-02-05 12:23:05,60.6,0.001,0.001,85.5,3.572015104
2023-02-05 12:23:15,63.1,0.001,0.0,85.4,3.568410624
2023-02-05 12:23:26,100.0,0.001,0.0,81.9,3.419533312
2023-02-05 12:23:35,63.9,0.0,0.001,81.8,3.41499904
2023-02-05 12:23:45,69.5,0.002,0.0,81.8,3.41753856
2023-02-05 12:23:56,53.4,0.005,0.0,81.8,3.418058752
2023-02-05 12:24:07,63.4,0.003,0.0,81.9,3.41938176
2023-02-05 12:24:16,72.5,0.001,0.0,81.8,3.417432064
2023-02-05 12:24:27,64.6,0.0,0.0,82.0,3.423326208
2023-02-05 12:24:39,87.7,0.002,0.0,82.6,3.4487296
2023-02-05 12:24:50,86.4,0.011,0.0,82.6,3.45088
2023-02-05 12:25:01,79.4,0.002,0.001,82.8,3.457486848
2023-02-05 12:25:13,79.1,0.0,0.001,83.3,3.479973888
2023-02-05 12:25:25,76.5,0.002,0.002,83.7,3.497570304
2023-02-05 12:25:36,86.3,0.0,0.0,83.6,3.49118464
2023-02-05 12:25:47,55.3,0.0,0.001,83.7,3.494404096
2023-02-05 12:25:58,66.9,0.0,0.0,84.0,3.509993472
2023-02-05 12:26:08,52.6,0.0,0.0,83.9,3.503931392
2023-02-05 12:26:19,62.3,0.003,0.0,84.0,3.506716672
2023-02-05 12:26:29,78.4,0.0,0.0,83.9,3.50558208
2023-02-05 12:26:39,65.6,0.0,0.0,83.9,3.504111616
